{"extracted_information": "camerawesome是Flutter相机插件，支持图像捕捉、图像流、视频录制、传感器切换、自动对焦、闪光灯、滤镜等功能，适用于Android和iOS平台。", "specifications": {"image_analysis_config": {"android_options": "nv21格式，宽度250（CameraX选择最接近的分辨率）", "ios_format": "bgra8888", "auto_start": "true (默认)", "max_frames_per_second": "20 (null表示无限制)", "recommended_resolution_for_ml": "720或更低，以简化计算"}}, "pricing": {}, "features": [{"category": "实时图像流", "items": ["支持流媒体图像（streaming images）", "提供广播实时图像流（Broadcast live image stream）功能", "在分析模式下可用于实时视频聊天（Realtime video chats）", "图像分析功能（Analysis mode），可用于QR码扫描、人脸识别、AI目标检测等"]}, {"category": "性能", "items": ["图像分析推荐使用低分辨率图像（720p或更低），以简化机器学习的计算", "图像分析可配置最大帧率（maxFramesPerSecond），默认为无限制，示例中设置为20 FPS", "Android设备可能不支持同时进行视频录制和图像分析（如果不支持，图像分析将被忽略）", "可以通过`CameraCharacteristics.isVideoRecordingAndImageAnalysisSupported(Sensors.back)`检查设备是否支持同时进行视频录制和图像分析"]}, {"category": "自定义UI能力", "items": ["提供完全可定制的相机体验", "可使用内置界面（`CameraAwesomeBuilder.awesome`）或按需自定义", "内置界面可自定义设置：主题、屏幕各部分的构建器、初始相机设置、预览定位、附加预览装饰等", "支持通过`CameraAwesomeBuilder.custom`完全自定义界面", "自定义界面使用`builder`属性，允许用户创建自己的相机体验，相机预览将显示在用户UI的下方", "`CameraLayoutBuilder`定义了构建器方法：`Widget Function(CameraState cameraState, PreviewSize previewSize, Rect previewRect)`，其中`previewSize`和`previewRect`可用于在相机预览周围或上方定位UI", "通过`cameraState`管理相机，可根据不同状态（如`onPhotoMode`、`onVideoMode`、`onVideoRecordingMode`）调用特定方法或自定义行为", "内置UI中的滤镜列表默认存在，但可以通过传入空列表来移除"]}], "statistics": {}, "temporal_info": {}, "geographical_data": {}, "references": []}