{"extracted_information": "根据提供的WEB内容，以下是针对Flutter相机插件（包括`camera`、`camerawesome`以及其他提及实时图像分析功能的插件）在功能、平台支持和性能（通过受欢迎程度和维护状态体现）方面的比较。内容中未提供具体的性能基准数据，也未明确提及对HarmonyOS的支持。所有提及的插件都与Dart 3兼容，且信息更新至2025年6月22日。对于2025年新应用中需要实时图像分析的需求，`camera`和`camerawesome`均支持图像流，而`camerax`明确提及了“分析”功能，这些都是值得关注的选项。`flutter_better_camera`也支持图像流，但维护状态为“差”。", "specifications": {}, "pricing": {}, "features": [{"name": "camera (官方插件)", "description": "一个用于控制摄像头的Flutter插件。支持预览摄像头画面、捕获图像和视频，并将图像缓冲区流式传输到Dart。", "platform_support": ["Android", "iOS", "Web"], "maintenance_status": "良好", "real_time_image_analysis_capability": "支持将图像缓冲区流式传输到Dart，表明具备实时图像分析能力。"}, {"name": "camerawesome", "description": "最简单的Flutter相机插件，内置UI。支持捕获图像、流式传输图像、视频录制、切换传感器、自动对焦、闪光灯、滤镜等功能。", "platform_support": ["Android", "iOS"], "maintenance_status": "良好", "real_time_image_analysis_capability": "支持流式传输图像，表明具备实时图像分析能力。"}, {"name": "camerax", "description": "一个用于Flutter的相机插件，Android端使用CameraX库，iOS端使用原生API。支持相机预览、捕获和分析。", "platform_support": ["Android", "iOS"], "maintenance_status": "一般", "real_time_image_analysis_capability": "明确支持“分析”功能，表明具备实时图像分析能力。"}, {"name": "flutter_better_camera", "description": "一个用于控制Android和iOS上摄像头的Flutter插件，支持摄像头画面、图像捕获、视频捕获、图像缓冲区流式传输，并支持摄像头API允许的所有基本功能（闪光灯、AE等）。", "platform_support": ["Android", "iOS"], "maintenance_status": "差", "real_time_image_analysis_capability": "支持图像缓冲区流式传输，表明具备实时图像分析能力。"}], "statistics": {"total_flutter_packages": "6700+", "camera": {"likes": "2.44K", "downloads": "478.3K"}, "camerawesome": {"likes": "1.08K", "downloads": "29.8K"}, "camerax": {"likes": "48", "downloads": "476"}, "flutter_better_camera": {"likes": "67", "downloads": "74"}}, "temporal_info": {"last_updated": "2025年6月22日"}, "geographical_data": {}, "references": []}